	log2FoldChange	padj	external_gene_name	Description
ENSG00000129538	-4.37845124885549	0.0	RNASE1	ribonuclease A family member 1, pancreatic
ENSG00000198074	4.9055069971588	0.0	AKR1B10	aldo-keto reductase family 1 member B10
ENSG00000151632	7.11493979360678	5.0532998626936595e-286	AKR1C2	aldo-keto reductase family 1 member C2
ENSG00000187134	5.03424592278767	1.89486303408141e-266	AKR1C1	aldo-keto reductase family 1 member C1
ENSG00000196154	-2.85789994703342	1.2600955577349e-258	S100A4	S100 calcium binding protein A4
ENSG00000198848	10.0197073564198	5.16366764590934e-169		
ENSG00000104327	3.54129230869482	2.64104847257357e-159	CALB1	calbindin 1
ENSG00000108602	3.12525622360007	1.21580688693885e-156	ALDH3A1	aldehyde dehydrogenase 3 family member A1
ENSG00000118523	2.77493714532126	1.59207661037057e-117	CCN2	cellular communication network factor 2
ENSG00000002933	-4.6846400350546	3.39305832724378e-101	TMEM176A	transmembrane protein 176A
ENSG00000101825	-11.0614402412083	2.7814101184843003e-99	MXRA5	matrix remodeling associated 5
ENSG00000089820	-4.32206595057452	5.7221889591916004e-98	ARHGAP4	Rho GTPase activating protein 4
ENSG00000137628	2.458726853799	3.60225320601882e-96	DDX60	DExD/H-box helicase 60
ENSG00000126709	3.73158891030998	2.1146626423134e-94	IFI6	interferon alpha inducible protein 6
ENSG00000180730	2.8446699985094	1.29626170503058e-93	SHISA2	shisa family member 2
ENSG00000186529	2.91109263552154	3.16741008448378e-93	CYP4F3	cytochrome P450 family 4 subfamily F member 3
ENSG00000196139	1.69385369542151	1.41312472385404e-84	AKR1C3	aldo-keto reductase family 1 member C3
ENSG00000171903	2.80134960913342	2.43277834637369e-84	CYP4F11	cytochrome P450 family 4 subfamily F member 11
ENSG00000164266	-3.28588928842826	1.02917225351084e-77	SPINK1	serine peptidase inhibitor Kazal type 1
ENSG00000187908	-1.8998929864835	6.01454829985308e-72	DMBT1	deleted in malignant brain tumors 1
ENSG00000185745	2.21285623794147	8.66630258743821e-71	IFIT1	interferon induced protein with tetratricopeptide repeats 1
ENSG00000054983	1.54222274228123	4.36840448975368e-69	GALC	galactosylceramidase
ENSG00000106565	-4.43110091616611	4.30352310617421e-68	TMEM176B	transmembrane protein 176B
ENSG00000248144	1.8289583646699	4.09672037130188e-66	ADH1C	alcohol dehydrogenase 1C (class I), gamma polypeptide
ENSG00000198431	1.89443939202477	6.7097600472450405e-65	TXNRD1	thioredoxin reductase 1
ENSG00000106211	-2.34821895492807	2.15179760176315e-64	HSPB1	heat shock protein family B (small) member 1
ENSG00000173467	-3.14456251228383	6.23043223277686e-63	AGR3	anterior gradient 3, protein disulphide isomerase family member
ENSG00000019582	-2.96891969478339	5.49576079383562e-62	CD74	CD74 molecule
ENSG00000019186	4.32603077473593	9.23144142415452e-62	CYP24A1	cytochrome P450 family 24 subfamily A member 1
ENSG00000160886	-2.20413062187604	7.03429695331907e-60	LY6K	lymphocyte antigen 6 family member K
ENSG00000101443	-2.39642365992803	6.06451067093149e-59	WFDC2	WAP four-disulfide core domain 2
ENSG00000158560	-4.24418821275651	2.0426296156506e-56	DYNC1I1	dynein cytoplasmic 1 intermediate chain 1
ENSG00000047457	2.91999107204182	1.30846858579028e-54	CP	ceruloplasmin
ENSG00000165949	2.67239595580429	1.91125947721821e-54		
ENSG00000173702	-1.74253727369954	2.09416471451565e-54	MUC13	mucin 13, cell surface associated
ENSG00000006747	-2.88664179829342	5.582684281231711e-54	SCIN	scinderin
ENSG00000111335	2.37873462240104	6.135468493992531e-54	OAS2	2'-5'-oligoadenylate synthetase 2
ENSG00000205403	-2.66893023312972	1.5225743530860799e-49	CFI	complement factor I
ENSG00000124102	1.81206265590942	5.84666620503589e-49	PI3	peptidase inhibitor 3
ENSG00000000971	-2.84004559985593	2.34132701236328e-48	CFH	complement factor H
ENSG00000155066	-2.62265355945036	2.57167759225087e-45		
ENSG00000187608	2.16231593012364	7.73988077630101e-45	ISG15	ISG15 ubiquitin like modifier
ENSG00000261115	-5.33434835365733	2.04995702033942e-44	TMEM178B	transmembrane protein 178B
ENSG00000181104	-2.25458501610324	4.13498813176091e-44	F2R	coagulation factor II thrombin receptor
ENSG00000214814	2.24909832963996	7.0811745803637805e-44	FER1L6	fer-1 like family member 6
ENSG00000132329	-1.92101974933335	2.8672352250265198e-43	RAMP1	receptor activity modifying protein 1
ENSG00000135114	1.6540069521466	5.8723662534325794e-43	OASL	2'-5'-oligoadenylate synthetase like
ENSG00000105519	-2.45008560691866	1.83272764908688e-42	CAPS	calcyphosine
ENSG00000130821	-2.63657775199808	8.372337274484579e-42	SLC6A8	solute carrier family 6 member 8
ENSG00000197408	2.40570332475042	1.93015611482509e-41	CYP2B6	cytochrome P450 family 2 subfamily B member 6
ENSG00000170323	-7.05171111815727	1.95189056503565e-41	FABP4	fatty acid binding protein 4
ENSG00000078596	-6.24077148205671	2.18238480013399e-41	ITM2A	integral membrane protein 2A
ENSG00000106853	1.63114711167992	3.37454423769113e-41	PTGR1	prostaglandin reductase 1
ENSG00000167653	-1.68745364797651	2.9933447888816098e-40	PSCA	prostate stem cell antigen
ENSG00000261780	2.86906611268625	3.44182943890697e-40	LINC02582	long intergenic non-protein coding RNA 2582
ENSG00000205413	1.32090489571222	2.44154840819231e-39	SAMD9	sterile alpha motif domain containing 9
ENSG00000119917	1.7649877426143	3.43703149715278e-39	IFIT3	interferon induced protein with tetratricopeptide repeats 3
ENSG00000169715	-1.76066127398851	1.83375769223582e-38	MT1E	metallothionein 1E
ENSG00000128422	2.60190974384782	5.71804585585073e-38	KRT17	keratin 17
ENSG00000171243	-5.16306421439138	7.46918524349838e-38	SOSTDC1	sclerostin domain containing 1
ENSG00000115009	1.70057736410422	3.55470614396391e-37	CCL20	C-C motif chemokine ligand 20
ENSG00000231683	9.62108901566172	5.83446662702637e-37	KILH	KRT19 interacting long noncoding RNA in hepatocellular carcinoma
ENSG00000138131	1.89867376411906	9.69751153989904e-37	LOXL4	lysyl oxidase like 4
ENSG00000165376	1.52410106226574	1.29796580521089e-36	CLDN2	claudin 2
ENSG00000197548	-2.29451980291733	1.6429787595860398e-36	ATG7	autophagy related 7
ENSG00000184489	-1.24593473009105	1.8582173517141098e-36		
ENSG00000119922	1.47577056913693	1.2870728772131802e-35	IFIT2	interferon induced protein with tetratricopeptide repeats 2
ENSG00000107485	-1.41118779289977	1.08484178604493e-34	GATA3	GATA binding protein 3
ENSG00000271503	2.85624686499994	1.83960349267584e-34		
ENSG00000163297	1.46901580312859	1.71026799876942e-33	ANTXR2	ANTXR cell adhesion molecule 2
ENSG00000204219	-1.92979089620485	1.9042170349150198e-33		
ENSG00000150594	-2.77791714959835	3.53630139975891e-33	ADRA2A	adrenoceptor alpha 2A
ENSG00000103196	-1.98250652447923	1.76211680049782e-32	CRISPLD2	cysteine rich secretory protein LCCL domain containing 2
ENSG00000181019	1.01258583017583	1.76211680049782e-32	NQO1	NAD(P)H quinone dehydrogenase 1
ENSG00000087086	1.1020173945564	1.84216916927083e-32	FTL	ferritin light chain
ENSG00000065833	1.54101371816749	1.33986679657319e-31	ME1	malic enzyme 1
ENSG00000142657	1.18490765002941	1.3778367320305601e-31	PGD	phosphogluconate dehydrogenase
ENSG00000137285	-2.33233404206181	1.48278908559147e-31	TUBB2B	tubulin beta 2B class IIb
ENSG00000130303	-1.69067475357113	2.16568102571249e-31	BST2	bone marrow stromal cell antigen 2
ENSG00000114353	-1.28764718142241	8.88091121903305e-31	GNAI2	G protein subunit alpha i2
ENSG00000164877	-1.6909688125342	1.6636332557978098e-30	MICALL2	MICAL like 2
ENSG00000147872	-2.01753959277057	2.3868024340801798e-30	PLIN2	perilipin 2
ENSG00000187017	-3.27865413984386	5.4900729525234894e-30	ESPN	espin
ENSG00000157601	1.79439864805881	6.217749108957359e-30	MX1	MX dynamin like GTPase 1
ENSG00000109814	1.75313455878601	6.25907188697094e-29	UGDH	UDP-glucose 6-dehydrogenase
ENSG00000139209	-2.42263590349098	2.7537813605235597e-28	SLC38A4	solute carrier family 38 member 4
ENSG00000165140	-1.62989439023155	3.6489790177029297e-28	FBP1	fructose-bisphosphatase 1
ENSG00000111863	-3.8193347059284	3.7281148678082397e-28	ADTRP	androgen dependent TFPI regulating protein
ENSG00000100994	1.22814505009353	4.80156773334508e-28	PYGB	glycogen phosphorylase B
ENSG00000271303	1.47469607644299	1.18962560486803e-27	SRXN1	sulfiredoxin 1
ENSG00000176153	1.24954205865973	2.80200357236421e-27	GPX2	glutathione peroxidase 2
ENSG00000256235	-1.52051078956058	1.21483324402095e-26	SMIM3	small integral membrane protein 3
ENSG00000168237	-1.87156168026136	1.22740163791197e-26	GLYCTK	glycerate kinase
ENSG00000162692	-1.18302980000641	3.20277735567584e-26	VCAM1	vascular cell adhesion molecule 1
ENSG00000148677	2.09584561188807	4.87095845929427e-26	ANKRD1	ankyrin repeat domain 1
ENSG00000102804	1.15903808279187	5.33472138069866e-26	TSC22D1	TSC22 domain family member 1
ENSG00000062524	-5.26636094555496	1.31178634217718e-25	LTK	leukocyte receptor tyrosine kinase
ENSG00000171747	1.13184777372993	1.66651644701196e-25		
ENSG00000177096	-2.71212792721756	7.04754467326651e-25	PHETA2	PH domain containing endocytic trafficking adaptor 2
ENSG00000206075	1.08828109499516	7.4727851893213e-25	SERPINB5	serpin family B member 5
ENSG00000167476	-5.66566573432062	9.68224406316264e-25	JSRP1	junctional sarcoplasmic reticulum protein 1
ENSG00000168502	1.41574566902651	1.3876845278222e-24	MTCL1	microtubule crosslinking factor 1
ENSG00000112759	-1.22510070151962	2.65525929188799e-24	SLC29A1	solute carrier family 29 member 1 (Augustine blood group)
ENSG00000162344	-3.85900123066872	1.20106378552554e-23	FGF19	fibroblast growth factor 19
ENSG00000140961	2.15833293747227	1.5199587964164402e-23	OSGIN1	oxidative stress induced growth inhibitor 1
ENSG00000184254	-1.23381571487937	3.18785092300858e-23	ALDH1A3	aldehyde dehydrogenase 1 family member A3
ENSG00000137312	-1.07911174891408	3.48092613081972e-23		
ENSG00000175928	-3.24698003883	3.7804676475955e-23	LRRN1	leucine rich repeat neuronal 1
ENSG00000141682	1.36339502904885	7.832506681825699e-23	PMAIP1	phorbol-12-myristate-13-acetate-induced protein 1
ENSG00000102837	-1.52854223108675	1.7319207908901499e-22	OLFM4	olfactomedin 4
ENSG00000182809	-2.23482440949871	1.9703333378118698e-22	CRIP2	cysteine rich protein 2
ENSG00000102710	1.27572663177053	2.88318107743889e-22	SUPT20H	SPT20 homolog, SAGA complex component
ENSG00000173227	-2.48525113575206	3.11253188985884e-22	SYT12	synaptotagmin 12
ENSG00000001084	2.01982638420726	4.2771770826245e-22	GCLC	glutamate-cysteine ligase catalytic subunit
ENSG00000137959	4.46767163298982	6.11232139016464e-22	IFI44L	interferon induced protein 44 like
ENSG00000115738	1.042717686979	6.53155233856631e-22	ID2	inhibitor of DNA binding 2
ENSG00000064787	1.49646847436709	1.00213901075967e-21	BCAS1	brain enriched myelin associated protein 1
ENSG00000172985	1.51342220713969	1.03757972123358e-21	SH3RF3	SH3 domain containing ring finger 3
ENSG00000134240	-3.09666463910996	1.30736070754012e-21	HMGCS2	3-hydroxy-3-methylglutaryl-CoA synthase 2
ENSG00000290862	4.49698248400251	1.33162500445748e-21	NMRAL2P	NmrA like redox sensor 2, pseudogene
ENSG00000115919	1.32842919851494	1.4343561696805801e-21	KYNU	kynureninase
ENSG00000184828	-2.75674444211021	2.3626576028005e-21	ZBTB7C	zinc finger and BTB domain containing 7C
ENSG00000090266	-1.04895627963328	4.88959554087326e-21	NDUFB2	NADH:ubiquinone oxidoreductase subunit B2
ENSG00000173267	-1.5557133231026	5.67964992158693e-21	SNCG	synuclein gamma
ENSG00000184956	-5.84531792147502	9.79399290342831e-21		
ENSG00000064393	1.43735240636055	1.0261969525469601e-20	HIPK2	homeodomain interacting protein kinase 2
ENSG00000073910	-1.9386032506	1.4192715821969302e-20	FRY	FRY microtubule binding protein
ENSG00000116661	1.27578965481263	2.78122257644829e-20	FBXO2	F-box protein 2
ENSG00000151651	-1.35932336509889	3.69899705539494e-20	ADAM8	ADAM metallopeptidase domain 8
ENSG00000285043	-1.55109952354997	7.261233372787351e-20		
ENSG00000146540	-1.11159736902822	1.12884193957631e-19	C7orf50	chromosome 7 open reading frame 50
ENSG00000280165	2.71095285697448	1.2440347243292201e-19	PCDH20	protocadherin 20
ENSG00000187715	-3.89845618696634	1.7171143068537701e-19	KBTBD12	kelch repeat and BTB domain containing 12
ENSG00000168243	1.90190361917634	1.73706342894189e-19	GNG4	G protein subunit gamma 4
ENSG00000197406	2.3704180152205	2.32262712118074e-19	DIO3	iodothyronine deiodinase 3
ENSG00000094755	2.03145108523587	2.3412467238856303e-19	GABRP	gamma-aminobutyric acid type A receptor subunit pi
ENSG00000074370	1.33518118728388	2.40359254506489e-19	ATP2A3	ATPase sarcoplasmic/endoplasmic reticulum Ca2+ transporting 3
ENSG00000212747	-7.63981217034189	3.40090782722486e-19	RTL8B	retrotransposon Gag like 8B
ENSG00000141293	-1.34473747171902	3.6333087101317804e-19	SKAP1	src kinase associated phosphoprotein 1
ENSG00000023516	1.11051033173991	4.59053765336404e-19	AKAP11	A-kinase anchoring protein 11
ENSG00000185112	1.43732660066837	7.096651369187511e-19	FAM43A	family with sequence similarity 43 member A
ENSG00000196923	1.15095184981178	1.056093574424e-18	PDLIM7	PDZ and LIM domain 7
ENSG00000213626	1.2670919459671	1.1829546214438198e-18	LBH	LBH regulator of WNT signaling pathway
ENSG00000120675	1.06198042102955	1.97628310647459e-18	DNAJC15	DnaJ heat shock protein family (Hsp40) member C15
ENSG00000204610	-1.27060950853111	2.1902287190834298e-18		
ENSG00000272602	2.83254285139429	2.8150264359003497e-18	ZNF595	zinc finger protein 595
ENSG00000143013	-1.00363286961496	4.77376938631589e-18	LMO4	LIM domain only 4
ENSG00000187678	1.19394823874613	5.5382704675943095e-18	SPRY4	sprouty RTK signaling antagonist 4
ENSG00000144820	-3.10419420813896	5.94230745126255e-18	ADGRG7	adhesion G protein-coupled receptor G7
ENSG00000182871	1.37333357611375	9.59716671428002e-18	COL18A1	collagen type XVIII alpha 1 chain
ENSG00000135127	1.11592594064049	1.0380954774023601e-17	BICDL1	BICD family like cargo adaptor 1
ENSG00000175567	-1.83415428101758	1.35855184940319e-17	UCP2	uncoupling protein 2
ENSG00000204634	1.25718363975881	2.19750579509662e-17	TBC1D8	TBC1 domain family member 8
ENSG00000143819	1.21343308631171	2.68814296058413e-17	EPHX1	epoxide hydrolase 1
ENSG00000120690	1.02953781769486	4.01447135471121e-17	ELF1	E74 like ETS transcription factor 1
ENSG00000134463	-8.420824786559	4.44634019779215e-17	ECHDC3	enoyl-CoA hydratase domain containing 3
ENSG00000163879	-5.13203390581548	7.870538781536199e-17	DNALI1	dynein axonemal light intermediate chain 1
ENSG00000104687	1.16123784543301	8.480445860292441e-17	GSR	glutathione-disulfide reductase
ENSG00000137841	-3.14790185543692	1.25028696031064e-16	PLCB2	phospholipase C beta 2
ENSG00000107201	1.66846760573888	2.18305165285838e-16	RIGI	RNA sensor RIG-I
ENSG00000138172	-2.16309757158491	2.68354497435767e-16	CALHM2	calcium homeostasis modulator family member 2
ENSG00000213928	1.50023817995318	3.57882792139987e-16		
ENSG00000160211	1.61511863867916	3.70510487544785e-16	G6PD	glucose-6-phosphate dehydrogenase
ENSG00000162896	-1.0545458123602	3.8807987304018e-16	PIGR	polymeric immunoglobulin receptor
ENSG00000162078	-2.06972862186218	4.54329888961756e-16		
ENSG00000291110	1.80271751599841	4.8288206718901e-16	TRIM16L	tripartite motif containing 16 like (pseudogene)
ENSG00000140526	1.09117784316757	5.91565779271266e-16	ABHD2	abhydrolase domain containing 2, acylglycerol lipase
ENSG00000186832	2.03853710162818	6.61725245200219e-16	KRT16	keratin 16
ENSG00000163110	1.00306151414134	7.07891039720772e-16	PDLIM5	PDZ and LIM domain 5
ENSG00000211445	1.35568493955386	8.18323052019919e-16	GPX3	glutathione peroxidase 3
ENSG00000169213	1.71534493191802	1.1956396210077701e-15	RAB3B	RAB3B, member RAS oncogene family
ENSG00000138646	1.71489534190562	1.20534620350284e-15	HERC5	HECT and RLD domain containing E3 ubiquitin protein ligase 5
ENSG00000069424	1.38693322032286	1.5679707997758402e-15	KCNAB2	potassium voltage-gated channel subfamily A regulatory beta subunit 2
ENSG00000180263	1.23626251620283	3.76312220206725e-15	FGD6	FYVE, RhoGEF and PH domain containing 6
ENSG00000074211	1.37860102160641	4.7440764733231304e-15	PPP2R2C	protein phosphatase 2 regulatory subunit Bgamma
ENSG00000137880	-2.68852560384965	5.8472329977903505e-15	GCHFR	GTP cyclohydrolase I feedback regulator
ENSG00000042062	-1.91788490656847	6.5106668941560706e-15	RIPOR3	RIPOR family member 3
ENSG00000150687	1.28635573136324	6.522342114370411e-15	PRSS23	serine protease 23
ENSG00000223572	-1.35900628766098	9.8634998332534e-15	CKMT1A	creatine kinase, mitochondrial 1A
ENSG00000160255	-1.14760278052762	9.99839323461812e-15	ITGB2	integrin subunit beta 2
ENSG00000137965	1.2487411602066	1.03691320046567e-14	IFI44	interferon induced protein 44
ENSG00000064655	3.76026734006387	1.21833714983265e-14	EYA2	EYA transcriptional coactivator and phosphatase 2
ENSG00000026559	1.93067385557375	1.4054896456841601e-14	KCNG1	potassium voltage-gated channel modifier subfamily G member 1
ENSG00000185499	-1.07777578936143	1.76895340491929e-14	MUC1	mucin 1, cell surface associated
ENSG00000142606	-3.90843456416253	1.92685412504951e-14	MMEL1	membrane metalloendopeptidase like 1
ENSG00000120685	1.04830111942725	2.1821383234504e-14	PROSER1	proline and serine rich 1
ENSG00000133103	1.44561778656222	2.1821383234504e-14	COG6	component of oligomeric golgi complex 6
ENSG00000136010	-3.37975593041921	2.34869319424074e-14	ALDH1L2	aldehyde dehydrogenase 1 family member L2
ENSG00000102780	1.5205461126455	2.46641686535561e-14	DGKH	diacylglycerol kinase eta
ENSG00000126106	-1.40346100061217	2.87544127558629e-14	TMEM53	transmembrane protein 53
ENSG00000073712	1.19210724067322	3.54042226708796e-14	FERMT2	FERM domain containing kindlin 2
ENSG00000100097	-1.0667851506952	4.62673138078177e-14	LGALS1	galectin 1
ENSG00000159713	-1.93478080064867	4.62673138078177e-14	TPPP3	tubulin polymerization promoting protein family member 3
ENSG00000169903	-2.78870127098227	5.3246709854618305e-14	TM4SF4	transmembrane 4 L six family member 4
ENSG00000134827	-2.10261470802906	5.65479875939888e-14	TCN1	transcobalamin 1
ENSG00000167676	-1.83228297807619	6.13061006571599e-14	PLIN4	perilipin 4
ENSG00000002726	-1.02101878227446	6.57362316843056e-14	AOC1	amine oxidase copper containing 1
ENSG00000174672	1.94427123350589	7.80881841066874e-14		
ENSG00000139329	-8.12940391681871	8.024678403772141e-14	LUM	lumican
ENSG00000198535	1.42472904569673	8.15585424320441e-14	C2CD4A	C2 calcium dependent domain containing 4A
ENSG00000100979	-1.106866377441	8.578450799989199e-14	PLTP	phospholipid transfer protein
ENSG00000187231	1.1227028900539	1.19593052529237e-13	SESTD1	SEC14 and spectrin domain containing 1
ENSG00000164818	-1.0863152323098	1.54759691728203e-13	DNAAF5	dynein axonemal assembly factor 5
ENSG00000188342	1.01887176017375	1.6167109463105899e-13	GTF2F2	general transcription factor IIF subunit 2
ENSG00000185737	-2.14683704756128	1.62189287065679e-13	NRG3	neuregulin 3
ENSG00000129048	-3.89920097060058	2.30756460765346e-13	ACKR4	atypical chemokine receptor 4
ENSG00000134321	2.48723240083676	2.43381683383551e-13	RSAD2	radical S-adenosyl methionine domain containing 2
ENSG00000132911	-1.5536871503626	2.55367632794055e-13	NMUR2	neuromedin U receptor 2
ENSG00000146678	1.68680054744752	3.17248275214176e-13	IGFBP1	insulin like growth factor binding protein 1
ENSG00000100311	1.76040289088771	4.16432630243175e-13	PDGFB	platelet derived growth factor subunit B
ENSG00000070526	1.39537420134511	4.2049061488344597e-13	ST6GALNAC1	ST6 N-acetylgalactosaminide alpha-2,6-sialyltransferase 1
ENSG00000125257	1.11458179992735	5.01636123004393e-13	ABCC4	ATP binding cassette subfamily C member 4
ENSG00000167165	1.1867196502191	5.04794755150346e-13	UGT1A6	UDP glucuronosyltransferase family 1 member A6
ENSG00000136152	1.20849673270527	5.56013958099936e-13	COG3	component of oligomeric golgi complex 3
ENSG00000285000	8.24259774793335	6.51443142765575e-13		novel protein, AGGF1-ZBED3-AS1 readthrough
ENSG00000116711	-1.33524533243392	7.1618449959485e-13	PLA2G4A	phospholipase A2 group IVA
ENSG00000104267	-2.12320574101043	9.5035720086431e-13	CA2	carbonic anhydrase 2
ENSG00000170477	4.6391281617533	9.999524133016899e-13	KRT4	keratin 4
ENSG00000235750	1.16926445856691	1.32213743854675e-12	KIAA0040	KIAA0040
ENSG00000166922	-3.72760789118554	1.6379930875099198e-12		
ENSG00000138119	1.0526783361524	1.6705728343988298e-12	MYOF	myoferlin
ENSG00000108852	1.03430359064762	1.99323191001008e-12	MPP2	MAGUK p55 scaffold protein 2
ENSG00000023909	1.19515517435534	2.35948055310036e-12	GCLM	glutamate-cysteine ligase modifier subunit
ENSG00000130475	-1.70553635361592	3.1530490173149897e-12	FCHO1	FCH and mu domain containing endocytic adaptor 1
ENSG00000172137	3.12132896045774	3.5055480760868897e-12		
ENSG00000196083	-1.02641867975377	4.3160349300445995e-12	IL1RAP	interleukin 1 receptor accessory protein
ENSG00000120686	1.0369988693843	4.78798263608151e-12	UFM1	ubiquitin fold modifier 1
ENSG00000139618	-1.23097318405038	4.78798263608151e-12	BRCA2	BRCA2 DNA repair associated
ENSG00000079308	1.8663426992932	6.13849045440407e-12	TNS1	tensin 1
ENSG00000069667	1.80232011616797	7.32387167387578e-12	RORA	RAR related orphan receptor A
ENSG00000128591	-1.16020612555177	8.321243222318629e-12	FLNC	filamin C
ENSG00000291096	-1.83804076340231	8.33368875303096e-12		
ENSG00000073150	1.39333708913262	1.04946010353299e-11	PANX2	pannexin 2
ENSG00000120075	-1.31639362708225	1.1339637213591699e-11	HOXB5	homeobox B5
ENSG00000140274	-3.05222629896411	1.1468050213854198e-11	DUOXA2	dual oxidase maturation factor 2
ENSG00000136167	1.00307322774116	1.80836383007118e-11	LCP1	lymphocyte cytosolic protein 1
ENSG00000164038	-1.12869684820079	2.1719353889363797e-11	SLC9B2	solute carrier family 9 member B2
ENSG00000289697	-5.27331279685125	3.0156342558563497e-11		
ENSG00000164236	1.38197274344932	3.5834052904892196e-11	ANKRD33B	ankyrin repeat domain 33B
ENSG00000258498	1.61089576303802	3.6081424566574395e-11	DIO3OS	DIO3 opposite strand upstream RNA
ENSG00000183087	1.0433414336531	3.9294245091409896e-11	GAS6	growth arrest specific 6
ENSG00000240859	-1.52584855919002	4.6683068956169394e-11		
ENSG00000082438	-1.26413374474649	5.23260225527474e-11	COBLL1	cordon-bleu WH2 repeat protein like 1
ENSG00000102962	4.49599755987487	5.3556132448828294e-11	CCL22	C-C motif chemokine ligand 22
ENSG00000150907	1.37919909370546	5.60485102250599e-11	FOXO1	forkhead box O1
ENSG00000139278	2.06078936514529	6.003087734063289e-11	GLIPR1	GLI pathogenesis related 1
ENSG00000198756	1.23495783395039	7.24293155743448e-11	COLGALT2	collagen beta(1-O)galactosyltransferase 2
ENSG00000154358	-1.03416583348785	7.316942506597739e-11	OBSCN	obscurin, cytoskeletal calmodulin and titin-interacting RhoGEF
ENSG00000188613	1.4423286199858	8.141864150258729e-11	NANOS1	nanos C2HC-type zinc finger 1
ENSG00000102738	1.09134472343658	8.3377023617714e-11	MRPS31	mitochondrial ribosomal protein S31
ENSG00000188385	2.96909085932745	8.783421606168259e-11	JAKMIP3	Janus kinase and microtubule interacting protein 3
ENSG00000151835	-1.08658724515826	8.932104065764369e-11	SACS	sacsin molecular chaperone
ENSG00000130477	1.02281668498623	1.00987129995035e-10	UNC13A	unc-13 homolog A
ENSG00000129116	1.03530427898979	1.27312218791737e-10	PALLD	palladin, cytoskeletal associated protein
ENSG00000179542	-6.36026760961133	1.51099763022896e-10	SLITRK4	SLIT and NTRK like family member 4
ENSG00000206195	1.05048606006228	1.63346929516383e-10		
ENSG00000101134	-1.54145598876005	1.99982245085729e-10	DOK5	docking protein 5
ENSG00000225383	2.6484646526173	2.02294615403538e-10	SFTA1P	surfactant associated 1, lncRNA
ENSG00000115828	-1.73172581221368	2.07871607833271e-10	QPCT	glutaminyl-peptide cyclotransferase
ENSG00000012504	-2.06223232631242	2.60066050119269e-10	NR1H4	nuclear receptor subfamily 1 group H member 4
ENSG00000103888	1.47322318609911	2.72106989641754e-10	CEMIP	cell migration inducing hyaluronidase 1
ENSG00000115598	-3.73517452306482	2.84821136992458e-10	IL1RL2	interleukin 1 receptor like 2
ENSG00000135447	-2.86545432865957	2.97608265095931e-10	PPP1R1A	protein phosphatase 1 regulatory inhibitor subunit 1A
ENSG00000154529	1.5143313754136	3.03416024043455e-10	CNTNAP3B	contactin associated protein family member 3B
ENSG00000168077	2.97123052992524	3.04423121679301e-10	SCARA3	scavenger receptor class A member 3
ENSG00000115457	1.01252788939251	3.42404386572365e-10	IGFBP2	insulin like growth factor binding protein 2
ENSG00000130433	1.1661549846451	3.6865987206821503e-10	CACNG6	calcium voltage-gated channel auxiliary subunit gamma 6
ENSG00000162482	-3.03653232946029	3.86628351481107e-10	AKR7A3	aldo-keto reductase family 7 member A3
ENSG00000120696	1.29227576503773	3.98415310783879e-10	KBTBD7	kelch repeat and BTB domain containing 7
ENSG00000138271	-2.531231973545	3.98415310783879e-10	GPR87	G protein-coupled receptor 87
ENSG00000163220	1.4320964244999	4.12557572606136e-10	S100A9	S100 calcium binding protein A9
ENSG00000198429	-6.59516402367606	4.12557572606136e-10	ZNF69	zinc finger protein 69
ENSG00000155850	1.0137085854908	4.45114774669928e-10	SLC26A2	solute carrier family 26 member 2
ENSG00000101255	1.10157386886186	5.11147612841596e-10	TRIB3	tribbles pseudokinase 3
ENSG00000291105	-4.86606668571878	5.70732893170642e-10		
ENSG00000165572	1.23297626194992	8.15396351056759e-10	KBTBD6	kelch repeat and BTB domain containing 6
ENSG00000165521	1.60860961597907	1.1338699450195e-09	EML5	EMAP like 5
ENSG00000101670	-1.0004542493946	1.1711302012325501e-09	LIPG	lipase G, endothelial type
ENSG00000133114	1.12752695451383	1.1775238373040402e-09	GPALPP1	GPALPP motifs containing 1
ENSG00000179630	1.58218437801986	1.22305995702101e-09	LACC1	laccase domain containing 1
ENSG00000108622	-1.21018444132073	1.2607048192051102e-09	ICAM2	intercellular adhesion molecule 2
ENSG00000107159	-3.64242866986871	1.3838384063816301e-09	CA9	carbonic anhydrase 9
ENSG00000148175	-1.22346153052001	1.3897654552624702e-09	STOM	stomatin
ENSG00000107957	1.39921301471814	1.39775043558686e-09	SH3PXD2A	SH3 and PX domains 2A
ENSG00000176014	-1.14831293638747	1.46074506575328e-09	TUBB6	tubulin beta 6 class V
ENSG00000122786	-1.74022318120269	1.5112510957692502e-09	CALD1	caldesmon 1
ENSG00000059728	1.22050817391411	1.611429461914e-09	MXD1	MAX dimerization protein 1
ENSG00000198734	-1.17659351485603	1.7204283899716201e-09	F5	coagulation factor V
ENSG00000119938	-1.42575650108888	1.81015571710805e-09	PPP1R3C	protein phosphatase 1 regulatory subunit 3C
ENSG00000087842	1.09112999142251	1.82963642656461e-09	PIR	pirin
ENSG00000130558	1.62493694013751	2.1201066743942803e-09	OLFM1	olfactomedin 1
ENSG00000165807	-1.59434368607628	2.1686663096162e-09	PPP1R36	protein phosphatase 1 regulatory subunit 36
ENSG00000291130	-2.43218269128324	2.3155930033805904e-09		
ENSG00000138678	1.5803811215908	2.74240241805305e-09	GPAT3	glycerol-3-phosphate acyltransferase 3
ENSG00000169248	2.07514288442309	2.78688479705596e-09	CXCL11	C-X-C motif chemokine ligand 11
ENSG00000120688	1.25851998356194	2.83231948015517e-09	WBP4	WW domain binding protein 4
ENSG00000273489	-4.73993062935269	3.4098094599108104e-09		novel transcript, antisense to MKLN1
ENSG00000108771	1.24392723606121	4.02213875307857e-09	DHX58	DExH-box helicase 58
ENSG00000182022	1.35315800071113	4.02213875307857e-09	CHST15	carbohydrate sulfotransferase 15
ENSG00000171227	1.2728477551938	4.71284391875529e-09	TMEM37	transmembrane protein 37
ENSG00000148735	-4.87468122420346	5.23714851331228e-09	PLEKHS1	pleckstrin homology domain containing S1
ENSG00000076706	-2.84563853575683	5.83547205431302e-09	MCAM	melanoma cell adhesion molecule
ENSG00000154153	1.1037912007518	6.23712520995212e-09	RETREG1	reticulophagy regulator 1
ENSG00000074706	-4.04211531733841	6.34379344814814e-09	IPCEF1	interaction protein for cytohesin exchange factors 1
ENSG00000146399	-1.54377171494957	7.76569152653857e-09	TAAR1	trace amine associated receptor 1
ENSG00000133106	2.44627173195477	8.83727473902069e-09	EPSTI1	epithelial stromal interaction 1
ENSG00000077274	4.31066336168467	1.23670296555592e-08	CAPN6	calpain 6
ENSG00000136869	-1.04350836109524	1.27367909397554e-08	TLR4	toll like receptor 4
ENSG00000259129	2.7147616761625	1.28563307077378e-08	LINC00648	long intergenic non-protein coding RNA 648
ENSG00000254101	3.24210000501205	1.31104406132392e-08	LINC02055	long intergenic non-protein coding RNA 2055
ENSG00000155465	1.07037618976778	1.31748657752198e-08	SLC7A7	solute carrier family 7 member 7
ENSG00000170558	-1.85004172918116	1.40137177043094e-08	CDH2	cadherin 2
ENSG00000151012	2.93322751189594	1.92883487223718e-08	SLC7A11	solute carrier family 7 member 11
ENSG00000197535	1.03232667163446	1.93089737667994e-08	MYO5A	myosin VA
ENSG00000132437	-1.14766039409274	2.38348500458683e-08	DDC	dopa decarboxylase
ENSG00000182983	-4.20681634734793	2.44889216750064e-08	ZNF662	zinc finger protein 662
ENSG00000169116	1.06935435276271	3.17644825167553e-08	PARM1	prostate androgen-regulated mucin-like protein 1
ENSG00000182901	-3.33306547343482	3.24412536714319e-08	RGS7	regulator of G protein signaling 7
ENSG00000160191	1.24806681100074	3.6190761541686e-08	PDE9A	phosphodiesterase 9A
ENSG00000102243	-2.0706941474418	3.8309488604214e-08	VGLL1	vestigial like family member 1
ENSG00000197162	-2.86406965997117	3.90699194583992e-08	ZNF785	zinc finger protein 785
ENSG00000290596	-1.99469681707213	4.16575391833691e-08		
ENSG00000183128	-2.60297912499196	4.3718963830996e-08	CALHM3	calcium homeostasis modulator 3
ENSG00000113303	-3.10543471740828	4.46507152346215e-08	BTNL8	butyrophilin like 8
ENSG00000100867	1.20257251510493	5.05739232546949e-08	DHRS2	dehydrogenase/reductase 2
ENSG00000151778	-7.24945151506986	5.42046545236612e-08	SERP2	stress associated endoplasmic reticulum protein family member 2
ENSG00000197013	-4.66895261216788	5.99880387775109e-08	ZNF429	zinc finger protein 429
ENSG00000187824	-4.44662592604193	6.82691366310291e-08	TMEM220	transmembrane protein 220
ENSG00000100234	6.52345426571688	7.78066565115134e-08	TIMP3	TIMP metallopeptidase inhibitor 3
ENSG00000042980	-1.16346614055745	8.60335512848756e-08	ADAM28	ADAM metallopeptidase domain 28
ENSG00000127920	-2.76068035127057	8.60335512848756e-08	GNG11	G protein subunit gamma 11
ENSG00000106025	-1.22939675541314	9.29602005219599e-08	TSPAN12	tetraspanin 12
ENSG00000185015	-1.41669420615208	9.67705337610213e-08	CA13	carbonic anhydrase 13
ENSG00000259583	-1.15945015861164	1.16381448687224e-07	ALDH1A3-AS1	ALDH1A3 antisense RNA 1
ENSG00000137033	1.75528651216593	1.24704629148545e-07	IL33	interleukin 33
ENSG00000182986	-1.86903031668111	1.62384735570801e-07	ZNF320	zinc finger protein 320
ENSG00000109472	1.13825529363792	1.63339438761728e-07	CPE	carboxypeptidase E
ENSG00000136147	1.24314045502744	1.63339438761728e-07	PHF11	PHD finger protein 11
ENSG00000176641	5.14179062760337	1.63787029507522e-07	RNF152	ring finger protein 152
ENSG00000156011	1.03107947593935	1.69286961251811e-07	PSD3	pleckstrin and Sec7 domain containing 3
ENSG00000197355	-1.04511557901615	1.99237815012139e-07	UAP1L1	UDP-N-acetylglucosamine pyrophosphorylase 1 like 1
ENSG00000139144	-2.79006874888075	2.08872733250604e-07	PIK3C2G	phosphatidylinositol-4-phosphate 3-kinase catalytic subunit type 2 gamma
ENSG00000059377	2.63773586783509	2.11271628827796e-07	TBXAS1	thromboxane A synthase 1
ENSG00000257913	-7.16284109255289	2.2566238457935e-07	DDN-AS1	DDN and PRKAG1 antisense RNA 1
ENSG00000154654	7.31573778059937	2.53240208904138e-07	NCAM2	neural cell adhesion molecule 2
ENSG00000243056	-2.95793855578222	2.58129840126795e-07	EIF4EBP3	eukaryotic translation initiation factor 4E binding protein 3
ENSG00000112655	-5.32306928387456	3.02771181049922e-07	PTK7	protein tyrosine kinase 7 (inactive)
ENSG00000167741	-1.33169039666437	3.12867625436366e-07	GGT6	gamma-glutamyltransferase 6
ENSG00000151136	2.68209330208585	4.06931738487185e-07	ABTB3	ankyrin repeat and BTB domain containing 3
ENSG00000173546	-1.42681114604504	4.5146874984139e-07	CSPG4	chondroitin sulfate proteoglycan 4
ENSG00000170681	-2.54572079271215	5.09151721704234e-07	CAVIN4	caveolae associated protein 4
ENSG00000117525	1.01161702291004	5.17212125608804e-07	F3	coagulation factor III, tissue factor
ENSG00000266714	-1.04072281748655	5.43030382713591e-07	MYO15B	myosin XVB
ENSG00000114395	-1.05194553058406	5.72911128301054e-07	CYB561D2	cytochrome b561 family member D2
ENSG00000146192	-1.83545339427508	5.99401508547723e-07	FGD2	FYVE, RhoGEF and PH domain containing 2
ENSG00000237289	-1.17754597353265	6.21360971312129e-07	CKMT1B	creatine kinase, mitochondrial 1B
ENSG00000084731	1.15750118987563	7.09947014406346e-07	KIF3C	kinesin family member 3C
ENSG00000164114	1.76711183155953	9.09645035669272e-07	MAP9	microtubule associated protein 9
ENSG00000259353	-6.17050478210245	9.44601892807788e-07		novel transcript, antisense to FAM63B
ENSG00000171385	2.63527817187622	9.47421004256525e-07	KCND3	potassium voltage-gated channel subfamily D member 3
ENSG00000286098	-5.1257955535567	9.47724623074259e-07		
ENSG00000136155	1.11969840090803	9.54568118397368e-07	SCEL	sciellin
ENSG00000170537	1.1649532053232	9.94907140370774e-07	TMC7	transmembrane channel like 7
ENSG00000172339	-1.25509525671712	9.94907140370774e-07	ALG14	ALG14 UDP-N-acetylglucosaminyltransferase subunit
ENSG00000164465	1.03298223660252	1.08490608346625e-06	DCBLD1	discoidin, CUB and LCCL domain containing 1
ENSG00000080493	-1.10330002104637	1.09849618530166e-06	SLC4A4	solute carrier family 4 member 4
ENSG00000175544	-4.44751591822043	1.10087751110649e-06	CABP4	calcium binding protein 4
ENSG00000100968	-1.350262689742	1.13857771901127e-06		
ENSG00000287252	-2.88619851912354	1.17915718173035e-06		
ENSG00000162949	1.4124451757247	1.20589798074084e-06	CAPN13	calpain 13
ENSG00000107984	1.00793857471418	1.20654825438719e-06	DKK1	dickkopf WNT signaling pathway inhibitor 1
ENSG00000158296	-4.6911239965632	1.27633906083485e-06	SLC13A3	solute carrier family 13 member 3
ENSG00000065675	2.25263847300356	1.30808099900687e-06	PRKCQ	protein kinase C theta
ENSG00000105851	1.13977429549594	1.47147169441981e-06	PIK3CG	phosphatidylinositol-4,5-bisphosphate 3-kinase catalytic subunit gamma
ENSG00000069188	1.83998919959081	1.49709705314342e-06	SDK2	sidekick cell adhesion molecule 2
ENSG00000138642	1.15331288873062	1.61307382135153e-06	HERC6	HECT and RLD domain containing E3 ubiquitin protein ligase family member 6
ENSG00000152784	1.76440678245872	1.61340429388422e-06	PRDM8	PR/SET domain 8
ENSG00000132031	1.47570395817556	2.21686671015822e-06	MATN3	matrilin 3
ENSG00000197632	-1.75909548353167	2.3933340623795e-06	SERPINB2	serpin family B member 2
ENSG00000261371	-3.01141096266245	2.53293367220836e-06	PECAM1	platelet and endothelial cell adhesion molecule 1
ENSG00000129654	-1.43173797258291	2.58338111926114e-06	FOXJ1	forkhead box J1
ENSG00000166396	4.52609989325093	2.76900539176e-06	SERPINB7	serpin family B member 7
ENSG00000162543	-1.44704175359959	2.77250948476609e-06	UBXN10	UBX domain protein 10
ENSG00000278318	1.80426040545967	3.1609448417491e-06	ZNF229	zinc finger protein 229
ENSG00000169752	-1.37703948344905	3.52653623161465e-06	NRG4	neuregulin 4
ENSG00000143590	1.0952246935061	4.16628071090848e-06	EFNA3	ephrin A3
ENSG00000187546	-1.9410068317487	4.17726816303611e-06	AGMO	alkylglycerol monooxygenase
ENSG00000112139	2.62910184102713	4.69760732287051e-06	MDGA1	MAM domain containing glycosylphosphatidylinositol anchor 1
ENSG00000196611	1.6950231248197	5.76365772511796e-06	MMP1	matrix metallopeptidase 1
ENSG00000137404	-1.04650610351493	5.90802631547556e-06		
ENSG00000134363	1.20451815319941	6.2040355804267e-06	FST	follistatin
ENSG00000234771	-1.07203104866624	6.45477044136164e-06	SLC25A25-AS1	SLC25A25 antisense RNA 1
ENSG00000234444	-2.36088161220459	7.35893405041745e-06	ZNF736	zinc finger protein 736
ENSG00000239704	7.35993779658808	7.37494572276853e-06	CDRT4	CMT1A duplicated region transcript 4
ENSG00000114378	-1.19084686042248	7.60667312976183e-06	HYAL1	hyaluronidase 1
ENSG00000227039	-1.74826089381239	7.69965336886947e-06	ITGB2-AS1	ITGB2 antisense RNA 1
ENSG00000188820	-6.90650425574016	7.70884761105863e-06	CALHM6	calcium homeostasis modulator family member 6
ENSG00000249923	-5.32261821106835	7.70884761105863e-06	LINC02891	long intergenic non-protein coding RNA 2891
ENSG00000101842	2.90570001618147	8.14447574485491e-06	VSIG1	V-set and immunoglobulin domain containing 1
ENSG00000144893	1.02583334880854	8.26739280428665e-06	MED12L	mediator complex subunit 12L
ENSG00000058091	1.28181547007146	9.07518292971727e-06	CDK14	cyclin dependent kinase 14
ENSG00000272141	-1.19568091057107	9.39799811854849e-06		
ENSG00000286456	-3.18094972816918	9.81467164355774e-06		
ENSG00000144452	-1.30462422705336	1.01965215938886e-05	ABCA12	ATP binding cassette subfamily A member 12
ENSG00000090402	-7.59552639764268	1.05683788024256e-05	SI	sucrase-isomaltase
ENSG00000154783	5.35417462761133	1.13802599032986e-05	FGD5	FYVE, RhoGEF and PH domain containing 5
ENSG00000061656	-2.17174904896413	1.15810154857724e-05	SPAG4	sperm associated antigen 4
ENSG00000127252	1.93920391247081	1.16202834966311e-05	PLAAT1	phospholipase A and acyltransferase 1
ENSG00000135363	1.0564207592236	1.21341984016909e-05	LMO2	LIM domain only 2
ENSG00000176697	-1.43481349882585	1.26035349710531e-05	BDNF	brain derived neurotrophic factor
ENSG00000186469	-2.15548181462888	1.29954477863293e-05	GNG2	G protein subunit gamma 2
ENSG00000138735	1.43107840732655	1.36028460596556e-05	PDE5A	phosphodiesterase 5A
ENSG00000101236	1.19960602853953	1.37220298481328e-05	RNF24	ring finger protein 24
ENSG00000116678	1.14697258799096	1.42195569183873e-05	LEPR	leptin receptor
ENSG00000197951	-5.95717877972718	1.45688128821063e-05	ZNF71	zinc finger protein 71
ENSG00000140279	-1.17941726455546	1.46707683031007e-05	DUOX2	dual oxidase 2
ENSG00000149243	1.50954614591409	1.52950972560335e-05	KLHL35	kelch like family member 35
ENSG00000154928	3.77619034147302	1.62901558349285e-05	EPHB1	EPH receptor B1
ENSG00000168016	1.69658450655238	1.64812314338263e-05	TRANK1	tetratricopeptide repeat and ankyrin repeat containing 1
ENSG00000154263	1.20315552846864	1.66731923014826e-05	ABCA10	ATP binding cassette subfamily A member 10
ENSG00000122711	-1.71413604786349	1.70631054400001e-05	SPINK4	serine peptidase inhibitor Kazal type 4
ENSG00000153093	-1.47284027585771	1.72431099641038e-05	ACOXL	acyl-CoA oxidase like
ENSG00000166263	1.16720516588094	1.9173527831109e-05	STXBP4	syntaxin binding protein 4
ENSG00000064225	-1.3671420199893	1.91960344687033e-05	ST3GAL6	ST3 beta-galactoside alpha-2,3-sialyltransferase 6
ENSG00000131831	3.5079311902707	1.94919432518187e-05	RAI2	retinoic acid induced 2
ENSG00000014257	-1.58338314751065	2.00333995582962e-05	ACP3	acid phosphatase 3
ENSG00000066629	3.04788268699146	2.04358136390276e-05	EML1	EMAP like 1
ENSG00000185909	-1.22844567228648	2.14036890301954e-05	KLHDC8B	kelch domain containing 8B
ENSG00000156298	1.69267748758728	2.21852189005306e-05	TSPAN7	tetraspanin 7
ENSG00000171621	1.27042160777196	2.57111205813068e-05	SPSB1	splA/ryanodine receptor domain and SOCS box containing 1
ENSG00000156127	-1.07861299371143	2.62870872738401e-05	BATF	basic leucine zipper ATF-like transcription factor
ENSG00000167748	-1.88625530845819	2.62870872738401e-05	KLK1	kallikrein 1
ENSG00000133424	2.26516343598208	2.91222847126662e-05	LARGE1	LARGE xylosyl- and glucuronyltransferase 1
ENSG00000134874	1.09806108812164	3.18618589169574e-05	DZIP1	DAZ interacting zinc finger protein 1
ENSG00000183688	1.53506544518447	3.23675305192573e-05		
ENSG00000007237	-3.37699594318028	3.39660145261661e-05	GAS7	growth arrest specific 7
ENSG00000239713	-1.72772135727243	3.8386389345961e-05	APOBEC3G	apolipoprotein B mRNA editing enzyme catalytic subunit 3G
ENSG00000196260	-1.10333631012712	4.19617762712244e-05	SFTA2	surfactant associated 2
ENSG00000067798	1.81757922496284	4.34185129562961e-05	NAV3	neuron navigator 3
ENSG00000181085	-1.88329577960262	4.34319024743939e-05	MAPK15	mitogen-activated protein kinase 15
ENSG00000100003	1.05602684123144	4.38902808608103e-05	SEC14L2	SEC14 like lipid binding 2
ENSG00000116701	1.59161128617764	4.44412898092684e-05	NCF2	neutrophil cytosolic factor 2
ENSG00000057704	1.70813940828414	4.49126942781925e-05	TMCC3	transmembrane and coiled-coil domain family 3
ENSG00000105875	-1.27629696478552	4.57907139891749e-05	WDR91	WD repeat domain 91
ENSG00000259207	2.25352101939863	4.65750555383058e-05	ITGB3	integrin subunit beta 3
ENSG00000170962	1.17874141374895	4.94995872186872e-05	PDGFD	platelet derived growth factor D
ENSG00000259341	-1.97954919379633	5.11056183335157e-05	LINC03080	long intergenic non-protein coding RNA 3080
ENSG00000113924	1.3875777465827	5.18680730185649e-05	HGD	homogentisate 1,2-dioxygenase
ENSG00000114026	-1.01413880463969	5.26767691738199e-05	OGG1	8-oxoguanine DNA glycosylase
ENSG00000286134	-1.58584646032608	5.45418445176635e-05		
ENSG00000185432	-1.07447018683458	5.56638047723655e-05	TMT1A	thiol methyltransferase 1A
ENSG00000146411	1.08566539144899	5.63022173321028e-05	SLC2A12	solute carrier family 2 member 12
ENSG00000181381	1.37165188055314	5.94737369333777e-05	DDX60L	DExD/H-box 60 like
ENSG00000250722	-1.37596851389038	6.23357872001463e-05	SELENOP	selenoprotein P
ENSG00000249628	4.09961543233672	6.36767301242213e-05	LINC00942	long intergenic non-protein coding RNA 942
ENSG00000180745	-1.76251076282039	6.4793566259491e-05	CLRN3	clarin 3
ENSG00000144460	-1.03677807552404	6.5587844201009e-05	NYAP2	neuronal tyrosine-phosphorylated phosphoinositide-3-kinase adaptor 2
ENSG00000196511	-1.14206968503337	6.6822716005849e-05	TPK1	thiamin pyrophosphokinase 1
ENSG00000157315	-1.47621129685303	6.71557489691667e-05	TMED6	transmembrane p24 trafficking protein 6
ENSG00000102879	1.41522262971138	7.07883185371534e-05	CORO1A	coronin 1A
ENSG00000135083	1.03585056112521	7.07883185371534e-05	CCNJL	cyclin J like
ENSG00000177932	1.71647681435705	7.76558622716571e-05	ZNF354C	zinc finger protein 354C
ENSG00000173805	1.20143524667301	7.88811845598486e-05	HAP1	huntingtin associated protein 1
ENSG00000123838	5.89605877642237	9.00737594580674e-05	C4BPA	complement component 4 binding protein alpha
ENSG00000145692	-6.48559919216734	9.15483577767359e-05	BHMT	betaine--homocysteine S-methyltransferase
ENSG00000115602	1.26872213721243	9.40724806219548e-05	IL1RL1	interleukin 1 receptor like 1
ENSG00000198157	-1.19464376678014	9.530391716587e-05	HMGN5	high mobility group nucleosome binding domain 5
ENSG00000135929	-3.48085493273077	9.86443241199411e-05	CYP27A1	cytochrome P450 family 27 subfamily A member 1
ENSG00000149212	1.53377257011964	0.0001029720732803	SESN3	sestrin 3
ENSG00000291164	4.49341645045251	0.0001163141656806		
ENSG00000287064	3.62703810696593	0.0001267825727854		
ENSG00000267750	1.27671444463882	0.0001316970989298	RUNDC3A-AS1	RUNDC3A antisense RNA 1
ENSG00000214376	1.06903387800356	0.0001366954583824	VSTM5	V-set and transmembrane domain containing 5
ENSG00000285130	1.53210059636649	0.0001415222769376		
ENSG00000102781	-1.25273482029742	0.0001444826702234	KATNAL1	katanin catalytic subunit A1 like 1
ENSG00000103544	-1.08425678904011	0.0001445904650978	VPS35L	VPS35 endosomal protein sorting factor like
ENSG00000101493	1.03615936842981	0.0001482121595428	ZNF516	zinc finger protein 516
ENSG00000134072	-1.34117363995396	0.0001507254798543	CAMK1	calcium/calmodulin dependent protein kinase I
ENSG00000135540	-1.34000492325529	0.0001593018532019	NHSL1	NHS like 1
ENSG00000131773	1.24659587925723	0.0001626153451253	KHDRBS3	KH RNA binding domain containing, signal transduction associated 3
ENSG00000121743	1.11727744515606	0.0001681957270293	GJA3	gap junction protein alpha 3
ENSG00000176842	1.24494908627231	0.000173609113775	IRX5	iroquois homeobox 5
ENSG00000102760	1.48856301756349	0.0001755869071296	RGCC	regulator of cell cycle
ENSG00000288649	-1.06147198531741	0.0002028097101891	ACTL10	actin like 10
ENSG00000172602	1.04281154084197	0.0002084180359396	RND1	Rho family GTPase 1
ENSG00000278709	1.1866104428319	0.0002098485460312	NKILA	NF-kappaB interacting lncRNA
ENSG00000088826	1.03344371705636	0.000218726552142	SMOX	spermine oxidase
ENSG00000136425	-1.13066520979898	0.000226696977891	CIB2	calcium and integrin binding family member 2
ENSG00000214491	-2.00756107264638	0.0002412671065441	SEC14L6	SEC14 like lipid binding 6
ENSG00000174567	-1.09923662323558	0.0002492818933745	GOLT1A	golgi transport 1A
ENSG00000145908	-1.7174497662992	0.0002531705896811	ZNF300	zinc finger protein 300
ENSG00000261175	2.24786671291275	0.0002543436196985	LINC02188	long intergenic non-protein coding RNA 2188
ENSG00000171840	-2.35424879131104	0.0002647962722566	NINJ2	ninjurin 2
ENSG00000236283	-3.31560414664881	0.0002697083756548		novel transcript, antisense to SLC38A11 and SCN3A
ENSG00000128274	1.00326263772161	0.0002703683488382	A4GALT	alpha 1,4-galactosyltransferase (P blood group)
ENSG00000106927	3.35311316207854	0.00027998658089	AMBP	alpha-1-microglobulin/bikunin precursor
ENSG00000137251	2.86374739461692	0.00027998658089	TINAG	tubulointerstitial nephritis antigen
ENSG00000111817	-1.66715591912039	0.0002872940567067	DSE	dermatan sulfate epimerase
ENSG00000274253	-3.07264145060785	0.0003010222599016		novel transcript, sense overlapping NIPA1
ENSG00000170231	-4.91857466444507	0.00031669489684	FABP6	fatty acid binding protein 6
ENSG00000135697	1.43576900261603	0.0003198029709659	BCO1	beta-carotene oxygenase 1
ENSG00000178934	3.47792893133508	0.0003211079115909		
ENSG00000142611	2.59778103378181	0.0003353261086153	PRDM16	PR/SET domain 16
ENSG00000168824	2.39500426716855	0.0003494873051867	NSG1	neuronal vesicle trafficking associated 1
ENSG00000285943	-1.52397760444396	0.000363967966699		
ENSG00000198712	-1.14410926327397	0.0003674365843502	MT-CO2	mitochondrially encoded cytochrome c oxidase II
ENSG00000205436	-1.06844559955769	0.0003820251489434	EXOC3L4	exocyst complex component 3 like 4
ENSG00000102359	2.4836311309958	0.0004126013203353	SRPX2	sushi repeat containing protein X-linked 2
ENSG00000205089	-1.38291937833769	0.0004181353651216	CCNI2	cyclin I family member 2
ENSG00000126259	1.17183624776433	0.0004295328557086	KIRREL2	kirre like nephrin family adhesion molecule 2
ENSG00000154217	1.03821737675455	0.0004359421122529	PITPNC1	phosphatidylinositol transfer protein cytoplasmic 1
ENSG00000167613	-2.28959970006926	0.0004536086411432		
ENSG00000104313	-2.13689012748969	0.0004687892489138	EYA1	EYA transcriptional coactivator and phosphatase 1
ENSG00000291045	2.39827894776503	0.0004941141091829		
ENSG00000167157	1.17216327410215	0.0005222542796374	PRRX2	paired related homeobox 2
ENSG00000171757	-1.25876733724895	0.000542224749909	LRRC34	leucine rich repeat containing 34
ENSG00000242082	1.0986342230297	0.0005572680004346	SLC5A4-AS1	SLC5A4 antisense RNA 1
ENSG00000121552	-2.59118497768016	0.0005692711054312	CSTA	cystatin A
ENSG00000156413	-1.9139634095103	0.0005738379481734	FUT6	fucosyltransferase 6
ENSG00000056277	1.17713660767519	0.0005926869622372	ZNF280C	zinc finger protein 280C
ENSG00000288720	-1.03752308555074	0.0006007956478505		
ENSG00000079112	-1.06864360065807	0.0006222564536481	CDH17	cadherin 17
ENSG00000153339	-1.01706472480185	0.000626282259231	TRAPPC8	trafficking protein particle complex subunit 8
ENSG00000170006	1.05531915412047	0.0006445277245346	TMEM154	transmembrane protein 154
ENSG00000162882	-5.43614993106303	0.0006485741379623	HAAO	3-hydroxyanthranilate 3,4-dioxygenase
ENSG00000102174	2.63757061125004	0.0006664056445076	PHEX	phosphate regulating endopeptidase X-linked
ENSG00000114455	-1.61979752175262	0.0006816428268235	HHLA2	HHLA2 member of B7 family
ENSG00000163644	1.14748977738605	0.0006873684669434	PPM1K	protein phosphatase, Mg2+/Mn2+ dependent 1K
ENSG00000168000	-1.33085008891443	0.0006924239578266	BSCL2	BSCL2 lipid droplet biogenesis associated, seipin
ENSG00000128573	-2.18985469134066	0.0006985979846648	FOXP2	forkhead box P2
ENSG00000135472	1.93782185930684	0.000700392848777	FAIM2	Fas apoptotic inhibitory molecule 2
ENSG00000107807	-1.90801082996454	0.0007074792336433	TLX1	T cell leukemia homeobox 1
ENSG00000171444	2.3272806624754	0.0007204819681857	MCC	MCC regulator of WNT signaling pathway
ENSG00000165188	-3.8507267842749	0.0007472010632575	RNF183	ring finger protein 183
ENSG00000277268	-1.12652712928	0.000755348149241		
ENSG00000120885	1.01636316926461	0.000765076993542	CLU	clusterin
ENSG00000128602	1.06762372571524	0.000765076993542	SMO	smoothened, frizzled class receptor
ENSG00000138792	-1.45676734325548	0.0007785470642267	ENPEP	glutamyl aminopeptidase
ENSG00000198719	1.37076200077707	0.0008086897196458	DLL1	delta like canonical Notch ligand 1
ENSG00000291194	3.31365788648196	0.0008221577347138		
ENSG00000215018	-1.89813135321127	0.0008266890367619	COL28A1	collagen type XXVIII alpha 1 chain
ENSG00000223865	-2.15439625649729	0.0009401223798799		
ENSG00000075043	1.54640733661984	0.0009634587556703		
ENSG00000188372	-1.17292961727528	0.0010014136366778	ZP3	zona pellucida glycoprotein 3
ENSG00000233198	-1.99481780447871	0.0010049414435656	RNF224	ring finger protein 224
ENSG00000154856	1.26382213786209	0.0010630766458057	APCDD1	APC down-regulated 1
ENSG00000221874	-1.97539137076265	0.001094068895154	ZNF816-ZNF321P	ZNF816-ZNF321P readthrough
ENSG00000170500	1.05745748082265	0.0011534547031819	LONRF2	LON peptidase N-terminal domain and ring finger 2
ENSG00000228509	1.05653072059406	0.0012081672781527		novel transcript, antisense to NAB1
ENSG00000137968	1.43834387518526	0.0012137552850344	SLC44A5	solute carrier family 44 member 5
ENSG00000187105	4.03478694795493	0.0012468733217412	HEATR4	HEAT repeat containing 4
ENSG00000122012	-4.8120834648212	0.0012521931627672	SV2C	synaptic vesicle glycoprotein 2C
ENSG00000125144	-2.48309891461982	0.0012921482669248	MT1G	metallothionein 1G
ENSG00000159239	-1.69180173069588	0.001354886229695		
ENSG00000172367	-2.37886342719044	0.0013992423620897	NHERF4	NHERF family PDZ scaffold protein 4
ENSG00000248131	4.38755724139986	0.0014014749004125		
ENSG00000109956	1.26000710487091	0.0014115561549455	B3GAT1	beta-1,3-glucuronyltransferase 1
ENSG00000184635	-1.46703447351442	0.0014320359013249	ZNF93	zinc finger protein 93
ENSG00000196368	1.60597722176012	0.0014961895754741	NUDT11	nudix hydrolase 11
ENSG00000135362	-1.61841863269057	0.0015018436319265	PRR5L	proline rich 5 like
ENSG00000183780	2.03053015645195	0.001556496127663	SLC35F3	solute carrier family 35 member F3
ENSG00000196136	1.02172956393765	0.001582546316093	SERPINA3	serpin family A member 3
ENSG00000187068	2.51597952641289	0.0016072952860616	C3orf70	chromosome 3 open reading frame 70
ENSG00000125430	2.29238114573331	0.0016513213019767	HS3ST3B1	heparan sulfate-glucosamine 3-sulfotransferase 3B1
ENSG00000145536	-2.67291461687067	0.0017435003051322	ADAMTS16	ADAM metallopeptidase with thrombospondin type 1 motif 16
ENSG00000091129	-5.16976029429901	0.0018099046023025	NRCAM	neuronal cell adhesion molecule
ENSG00000160460	1.51408816380035	0.0018125745000665	SPTBN4	spectrin beta, non-erythrocytic 4
ENSG00000173269	-1.41864765167708	0.0018578586620377	MMRN2	multimerin 2
ENSG00000003096	1.47381699560942	0.0018797389368928	KLHL13	kelch like family member 13
ENSG00000164659	1.19696392516895	0.0018797389368928	ELAPOR2	endosome-lysosome associated apoptosis and autophagy regulator family member 2
ENSG00000259863	1.43810325570507	0.0019093856011976	SH3RF3-AS1	SH3RF3 antisense RNA 1
ENSG00000258465	1.60313778070142	0.0019353629177357		
ENSG00000166046	1.12242588033128	0.0019790670621009	TCP11L2	t-complex 11 like 2
ENSG00000101335	-1.23386594405302	0.0020742351185117	MYL9	myosin light chain 9
ENSG00000237943	1.2942066107774	0.0020761774173491	PRKCQ-AS1	PRKCQ antisense RNA 1
ENSG00000235269	1.61972661000969	0.0021240977562564	LINC02331	long intergenic non-protein coding RNA 2331
ENSG00000100079	-1.84386802478157	0.0021359010316482	LGALS2	galectin 2
ENSG00000250565	1.06215811445543	0.0021429141267644	ATP6V1E2	ATPase H+ transporting V1 subunit E2
ENSG00000168004	-2.72604912452726	0.0021527875512101	PLAAT5	phospholipase A and acyltransferase 5
ENSG00000291149	-2.10907656516536	0.0021785655814868		
ENSG00000130234	1.46276651529738	0.0021894628358126	ACE2	angiotensin converting enzyme 2
ENSG00000067840	1.26117454671111	0.0022058547295833	PDZD4	PDZ domain containing 4
ENSG00000100154	-1.27229949678912	0.0022677658145756	TTC28	tetratricopeptide repeat domain 28
ENSG00000163536	1.15222905966024	0.0023060181116493	SERPINI1	serpin family I member 1
ENSG00000124466	1.01747665601259	0.0023093922988007	LYPD3	LY6/PLAUR domain containing 3
ENSG00000269825	-2.81767857094044	0.002332975931126		
ENSG00000214595	1.58357121925815	0.0023421657199321	EML6	EMAP like 6
ENSG00000152217	1.87228196867328	0.0023932476792424	SETBP1	SET binding protein 1
ENSG00000172264	-1.32663175577354	0.0024437190427178	MACROD2	mono-ADP ribosylhydrolase 2
ENSG00000204397	-1.99559401525876	0.0024561081059484	CARD16	caspase recruitment domain family member 16
ENSG00000226124	1.41557593012222	0.0025392559641048	FTCDNL1	formiminotransferase cyclodeaminase N-terminal like
ENSG00000141527	-2.32029886237248	0.0026197910500693	CARD14	caspase recruitment domain family member 14
ENSG00000287358	-2.53357451271727	0.0026904332416872		
ENSG00000125931	-2.51472187760016	0.0027101609300408	CITED1	Cbp/p300 interacting transactivator with Glu/Asp rich carboxy-terminal domain 1
ENSG00000100626	3.02239461398072	0.0027319754353201	GALNT16	polypeptide N-acetylgalactosaminyltransferase 16
ENSG00000169432	-2.1430353552207	0.0027319754353201	SCN9A	sodium voltage-gated channel alpha subunit 9
ENSG00000096088	-1.71509121702126	0.0028597761768885	PGC	progastricsin
ENSG00000165309	-2.85452223949057	0.0028894007468189	ARMC3	armadillo repeat containing 3
ENSG00000150510	1.66285041355337	0.0029044588074129	FAM124A	family with sequence similarity 124 member A
ENSG00000180251	1.40630985672062	0.0029152787857539	SLC9A4	solute carrier family 9 member A4
ENSG00000167618	-1.77307199889137	0.0029517347094333		
ENSG00000104951	-1.57929692818976	0.0029549424129444	IL4I1	interleukin 4 induced 1
ENSG00000153823	1.43548918792834	0.0029707656535954	PID1	phosphotyrosine interaction domain containing 1
ENSG00000163909	1.12258345178903	0.0031772435700476	HEYL	hes related family bHLH transcription factor with YRPW motif like
ENSG00000110876	-1.49615921446371	0.0032047414288558	SELPLG	selectin P ligand
ENSG00000138207	1.20350091031031	0.0032200136114108	RBP4	retinol binding protein 4
ENSG00000204920	1.00136956296459	0.0032748261304073	ZNF155	zinc finger protein 155
ENSG00000100473	1.23179812086382	0.0033027384970595	COCH	cochlin
ENSG00000147003	1.74646332926613	0.0033049621950739	CLTRN	collectrin, amino acid transport regulator
ENSG00000177283	1.10017387041917	0.0033592823234161	FZD8	frizzled class receptor 8
ENSG00000139220	-4.87998319603886	0.0033984299708855	PPFIA2	PTPRF interacting protein alpha 2
ENSG00000081189	1.05678034961603	0.0034664727515367	MEF2C	myocyte enhancer factor 2C
ENSG00000119943	1.49430520632998	0.0035214265508087	PYROXD2	pyridine nucleotide-disulphide oxidoreductase domain 2
ENSG00000164898	-1.06006247782282	0.0036010891614077	FMC1	formation of mitochondrial complex V assembly factor 1 homolog
ENSG00000103742	1.64611984114868	0.0036697043283061	IGDCC4	immunoglobulin superfamily DCC subclass member 4
ENSG00000171608	1.29054522589057	0.0037647149151754	PIK3CD	phosphatidylinositol-4,5-bisphosphate 3-kinase catalytic subunit delta
ENSG00000178750	-1.2894474480733	0.0038932134613155	STX19	syntaxin 19
ENSG00000183044	1.08796319154443	0.0039648443288538	ABAT	4-aminobutyrate aminotransferase
ENSG00000115361	-1.30159419396999	0.0042892421198538	ACADL	acyl-CoA dehydrogenase long chain
ENSG00000104537	-1.99112137641791	0.0045484702692072	ANXA13	annexin A13
ENSG00000228393	-1.84636442152827	0.0045948964521906	LINC01004	long intergenic non-protein coding RNA 1004
ENSG00000260542	1.07140558389122	0.0046088271317974		
ENSG00000267199	-2.81319974445483	0.0046666307790689		novel transcript, antisense SPIRE1
ENSG00000186998	1.29973123243494	0.004679493889523	EMID1	EMI domain containing 1
ENSG00000142149	2.53151919795094	0.0048141804268271	HUNK	hormonally up-regulated Neu-associated kinase
ENSG00000120784	-1.65015676395521	0.0048527300300417	ZFP30	ZFP30 zinc finger protein
ENSG00000143344	1.19657919824374	0.0049247716686191	RGL1	ral guanine nucleotide dissociation stimulator like 1
ENSG00000113805	2.49978073174259	0.0049516596544551	CNTN3	contactin 3
ENSG00000109099	1.37048753064063	0.0050119225225334	PMP22	peripheral myelin protein 22
ENSG00000205683	4.04294974428566	0.0050154373606159	DPF3	double PHD fingers 3
ENSG00000120662	1.00314274948097	0.0051932744047361	MTRF1	mitochondrial translation release factor 1
ENSG00000259976	-1.12756301528985	0.0052133206966086		
ENSG00000184986	1.09418583121242	0.0055001842212313	TMEM121	transmembrane protein 121
ENSG00000108924	1.60386855727331	0.0055589364861175	HLF	HLF transcription factor, PAR bZIP family member
ENSG00000157212	-1.04036976273011	0.0055589364861175	PAXIP1	PAX interacting protein 1
ENSG00000140398	-1.18916255232835	0.0058736855125843	NEIL1	nei like DNA glycosylase 1
ENSG00000131849	-1.40882853192534	0.0059131050364622	ZNF132	zinc finger protein 132
ENSG00000263961	-2.24081135427443	0.0063280405371068	RHEX	regulator of hemoglobinization and erythroid cell expansion
ENSG00000196503	-2.30912659747242	0.0064309699703159	ARL9	ADP ribosylation factor like GTPase 9
ENSG00000170011	2.98987790586809	0.0064362989767028	MYRIP	myosin VIIA and Rab interacting protein
ENSG00000272079	-2.77280816272612	0.0065003567949856		
ENSG00000158458	1.03116069026868	0.006784412343892	NRG2	neuregulin 2
ENSG00000229970	-4.06434734200529	0.0068810264371055		novel transcript, antisense to ICA1
ENSG00000004848	1.45652074031754	0.007575518383109	ARX	aristaless related homeobox
ENSG00000178597	2.81982399724018	0.0076663652302703	PSAPL1	prosaposin like 1
ENSG00000117020	2.72267963729848	0.0077910602119882		
ENSG00000127249	1.9224089473535	0.0077910602119882	ATP13A4	ATPase 13A4
ENSG00000141540	1.29258234219844	0.0078104389335423	TTYH2	tweety family member 2
ENSG00000140470	1.25616989281331	0.0080072069899854	ADAMTS17	ADAM metallopeptidase with thrombospondin type 1 motif 17
ENSG00000166349	1.78114980131753	0.0080217625106748	RAG1	recombination activating 1
ENSG00000196876	1.41390803351718	0.008099564694503	SCN8A	sodium voltage-gated channel alpha subunit 8
ENSG00000036828	1.0292204615084	0.0081190001943133	CASR	calcium sensing receptor
ENSG00000203635	2.65224396860816	0.008128396986697		
ENSG00000258053	-1.14292702822734	0.00837436266888		
ENSG00000105750	-1.85480486145426	0.0084320113563256	ZNF85	zinc finger protein 85
ENSG00000171365	1.24245973737636	0.0086691057818024	CLCN5	chloride voltage-gated channel 5
ENSG00000229719	-1.40679875483483	0.0088991332681147	MIR194-2HG	MIR194-2 host gene
ENSG00000196074	1.57081312458008	0.0089705963039772	SYCP2	synaptonemal complex protein 2
ENSG00000168685	2.52033134370478	0.0092347317476813	IL7R	interleukin 7 receptor
ENSG00000182866	1.07561855437173	0.0092370281594323	LCK	LCK proto-oncogene, Src family tyrosine kinase
ENSG00000198643	3.390899464252	0.0092732849358912	FAM3D	FAM3 metabolism regulating signaling molecule D
ENSG00000130208	-1.25293506038425	0.0093672922007914	APOC1	apolipoprotein C1
ENSG00000153898	1.31236471117601	0.0093672922007914	MCOLN2	mucolipin TRP cation channel 2
ENSG00000204323	-1.81961718563831	0.0093850049548899	SMIM5	small integral membrane protein 5
ENSG00000170956	2.26572607004447	0.0094588059140988	CEACAM3	CEA cell adhesion molecule 3
ENSG00000181045	1.18199834658462	0.0094762163436194	SLC26A11	solute carrier family 26 member 11
ENSG00000116017	1.27576583369549	0.0096058169775478	ARID3A	AT-rich interaction domain 3A
ENSG00000285933	-1.3664053276073	0.0096794750019762		
ENSG00000205045	-1.43137176999603	0.009710354593333	SLFN12L	schlafen family member 12 like
ENSG00000227627	-1.92832186986157	0.0097667402012968		
ENSG00000161798	-2.07215457800248	0.0098562008832515	AQP5	aquaporin 5
ENSG00000196189	-2.79278208436449	0.0099281495398424	SEMA4A	semaphorin 4A
ENSG00000280987	1.49768072220773	0.0100001386334767	MATR3	matrin 3
ENSG00000043591	1.26415227408982	0.0100357992187181	ADRB1	adrenoceptor beta 1
ENSG00000256802	-1.51377266458374	0.01006679635072	LCIIAR	lung cancer immune cell infiltration associated lncRNA
ENSG00000153162	1.98573224742964	0.0101670748783765	BMP6	bone morphogenetic protein 6
ENSG00000150722	-1.2338808349504	0.0104656100941033	PPP1R1C	protein phosphatase 1 regulatory inhibitor subunit 1C
ENSG00000187094	-1.61821920181637	0.0106541949186415	CCK	cholecystokinin
ENSG00000175711	-1.07328765795003	0.0106668516375445		
ENSG00000188039	1.38192691622968	0.0106668516375445	NWD1	NACHT and WD repeat domain containing 1
ENSG00000284922	-2.67464945675695	0.0107155305530231	LRTOMT	leucine rich transmembrane and O-methyltransferase domain containing
ENSG00000141744	-2.01973532956815	0.0108080234211732	PNMT	phenylethanolamine N-methyltransferase
ENSG00000078725	3.4227486969766	0.0108501711537111	BRINP1	BMP/retinoic acid inducible neural specific 1
ENSG00000180720	1.44474483290676	0.011083989602275	CHRM4	cholinergic receptor muscarinic 4
ENSG00000173597	-3.18817137012527	0.011160260116122	SULT1B1	sulfotransferase family 1B member 1
ENSG00000105538	1.96267642288734	0.0114045221355303	RASIP1	Ras interacting protein 1
ENSG00000179314	3.52684401863078	0.0114627180813065	WSCD1	WSC domain containing 1
ENSG00000198681	2.98733302162875	0.0114815231609995	MAGEA1	MAGE family member A1
ENSG00000112182	1.83626502011817	0.0115916427781641	BACH2	BTB domain and CNC homolog 2
ENSG00000104059	3.01367316167536	0.0116178857402783		
ENSG00000006283	1.67641221731351	0.0116387455548825	CACNA1G	calcium voltage-gated channel subunit alpha1 G
ENSG00000022267	1.08942935580392	0.0117356582480526	FHL1	four and a half LIM domains 1
ENSG00000197261	-1.10286269433022	0.0117599264975142	C6orf141	chromosome 6 open reading frame 141
ENSG00000276850	1.12842564255447	0.0117676416098007		
ENSG00000050555	1.68096949370888	0.011769038269424	LAMC3	laminin subunit gamma 3
ENSG00000145029	-1.46426950707975	0.0118083617078786	NICN1	nicolin 1, tubulin polyglutamylase complex subunit
ENSG00000002746	3.10422103810137	0.011823868079995	HECW1	HECT, C2 and WW domain containing E3 ubiquitin protein ligase 1
ENSG00000163638	-1.41175435557213	0.0119298356227726	ADAMTS9	ADAM metallopeptidase with thrombospondin type 1 motif 9
ENSG00000130829	1.03980063874743	0.0123241962689446	DUSP9	dual specificity phosphatase 9
ENSG00000151773	1.39390046872494	0.0123551785042107	CCDC122	coiled-coil domain containing 122
ENSG00000215374	1.11691556478372	0.0123712945485674		
ENSG00000046774	2.55537987098251	0.0124560403747894	MAGEC2	MAGE family member C2
ENSG00000198732	2.58696180085468	0.0125502336607485	SMOC1	SPARC related modular calcium binding 1
ENSG00000273760	1.19725141904917	0.0125539869087459		
ENSG00000163453	-1.26575364386981	0.0127226722326072	IGFBP7	insulin like growth factor binding protein 7
ENSG00000102678	-1.58192344775405	0.0128279269198752	FGF9	fibroblast growth factor 9
ENSG00000137261	2.09267456547814	0.0131063131417548	KIAA0319	KIAA0319
ENSG00000291050	1.89601361090316	0.0131240145935243		
ENSG00000138101	1.02103925591118	0.0133316622604073	DTNB	dystrobrevin beta
ENSG00000095585	-1.15180805492718	0.0136434777335695	BLNK	B cell linker
ENSG00000180787	-2.07794105997939	0.0137908153563527	ZFP3	ZFP3 zinc finger protein
ENSG00000163565	-1.02307971583157	0.0138996310897339	IFI16	interferon gamma inducible protein 16
ENSG00000197937	-3.24756546378672	0.0141365034578302	ZNF347	zinc finger protein 347
ENSG00000173567	-2.39448776259595	0.0141472932203527	ADGRF3	adhesion G protein-coupled receptor F3
ENSG00000275740	1.00640974174092	0.0142048457901237		novel readthrough transcript
ENSG00000185862	-1.96425736749363	0.014390867677427		
ENSG00000205795	1.32352990741876	0.0144848628165129	CYS1	cystin 1
ENSG00000197959	-1.45835706978526	0.0145809224264505	DNM3	dynamin 3
ENSG00000132746	-1.27663833752156	0.01479875587283	ALDH3B2	aldehyde dehydrogenase 3 family member B2
ENSG00000268606	-5.38950384431888	0.0150876245286715	MAGEA2	MAGE family member A2
ENSG00000084110	1.46537370299362	0.0151946845705817	HAL	histidine ammonia-lyase
ENSG00000144649	-1.21082992368776	0.0152408384463987	GASK1A	golgi associated kinase 1A
ENSG00000136327	2.00438917361962	0.0155372266364105	NKX2-8	NK2 homeobox 8
ENSG00000144355	1.69842385863539	0.0156407173650478		
ENSG00000255774	1.65753564734806	0.0156822624022426	LINC02747	long intergenic non-protein coding RNA 2747
ENSG00000221994	-1.41341516066007	0.0158323774856434	ZNF630	zinc finger protein 630
ENSG00000004399	1.04326546114988	0.016039390909031	PLXND1	plexin D1
ENSG00000121207	1.61132140680881	0.0161277841244762	LRAT	lecithin retinol acyltransferase
ENSG00000290315	-2.74630891647118	0.0166172437523377		
ENSG00000255639	-1.05271636329842	0.0167233979158379		
ENSG00000131480	1.27321915417663	0.0168726642557157	AOC2	amine oxidase copper containing 2
ENSG00000204301	-1.56096349005155	0.016961857374282		
ENSG00000171435	1.29965546224951	0.0170844397281786	KSR2	kinase suppressor of ras 2
ENSG00000235899	3.22507631633656	0.0174774999505561	LINC01564	long intergenic non-protein coding RNA 1564
ENSG00000232860	2.01007290257872	0.0176315449280596	SMG7-AS1	SMG7 antisense RNA 1
ENSG00000104967	2.2038250451744	0.0176318509042566	NOVA2	NOVA alternative splicing regulator 2
ENSG00000262633	1.74994773574113	0.0177725443166373		
ENSG00000276672	-1.7618494590544	0.0178165940806332		novel transcript, sense intronic to RFC3
ENSG00000180447	1.73470659864609	0.0179297003982969	GAS1	growth arrest specific 1
ENSG00000162426	1.48515550389088	0.0179942795257945	SLC45A1	solute carrier family 45 member 1
ENSG00000116983	1.70539399317568	0.0181036531354166	HPCAL4	hippocalcin like 4
ENSG00000147041	-1.25843572723843	0.0190944090600651	SYTL5	synaptotagmin like 5
ENSG00000237187	1.91593418324561	0.0191708266140514	NR2F1-AS1	NR2F1 antisense RNA 1
ENSG00000148053	-1.20551357099733	0.0195425809634311	NTRK2	neurotrophic receptor tyrosine kinase 2
ENSG00000084734	1.13282816102454	0.0202553148013975	GCKR	glucokinase regulator
ENSG00000168026	-1.0950359208833	0.0202878171680512	TTC21A	tetratricopeptide repeat domain 21A
ENSG00000070731	-2.09052456374015	0.0211958135810055	ST6GALNAC2	ST6 N-acetylgalactosaminide alpha-2,6-sialyltransferase 2
ENSG00000228742	-2.27463226247494	0.0212752576738706	LINC02577	long intergenic non-protein coding RNA 2577
ENSG00000248846	2.12643705710399	0.021360541621465	LINC02065	long intergenic non-protein coding RNA 2065
ENSG00000142920	1.2496066022711	0.021570658740983	AZIN2	antizyme inhibitor 2
ENSG00000147231	-1.21124540422515	0.0216334473259932	RADX	RPA1 related single stranded DNA binding protein, X-linked
ENSG00000159450	2.09483154381187	0.0221654738572271	TCHH	trichohyalin
ENSG00000005379	-4.06117481733871	0.0226325512039094	TSPOAP1	TSPO associated protein 1
ENSG00000233461	-1.07032995862648	0.022714805991632		
ENSG00000011590	2.74357050590011	0.022844816979154	ZBTB32	zinc finger and BTB domain containing 32
ENSG00000213988	-1.11359920261085	0.023013599996023	ZNF90	zinc finger protein 90
ENSG00000169071	2.06104990349956	0.0232617821190682	ROR2	receptor tyrosine kinase like orphan receptor 2
ENSG00000215483	4.25813540553162	0.0233089963860467	LINC00598	long intergenic non-protein coding RNA 598
ENSG00000172738	-2.62503077010973	0.023562648356279	TMEM217	transmembrane protein 217
ENSG00000151025	1.87094384117462	0.0236430617359391	GPR158	G protein-coupled receptor 158
ENSG00000170927	-1.48186067418424	0.0240098204411431	PKHD1	PKHD1 ciliary IPT domain containing fibrocystin/polyductin
ENSG00000236830	2.1575741896084	0.0242793775112513	CBR3-AS1	CBR3 antisense RNA 1
ENSG00000233589	1.8043988549995	0.0245588211551127		
ENSG00000143028	1.9004817088597	0.0247187191440315	SYPL2	synaptophysin like 2
ENSG00000018236	3.64777034291686	0.0248417963773912	CNTN1	contactin 1
ENSG00000151014	1.14156607304442	0.0252299842612216	NOCT	nocturnin
ENSG00000103316	1.7878627357162	0.0255020654711461	CRYM	crystallin mu
ENSG00000121895	1.32912249593244	0.0255272298542454	TMEM156	transmembrane protein 156
ENSG00000150281	-2.11191182730467	0.0261278133572928	CTF1	cardiotrophin 1
ENSG00000223799	-1.29441929158118	0.0261585009812912	IL10RB-DT	IL10RB divergent transcript
ENSG00000260704	-1.00466475722272	0.0262036098198008	LINC00543	long intergenic non-protein coding RNA 543
ENSG00000274002	-2.15394035508087	0.0265024706623525		
ENSG00000271959	-2.40993192387227	0.0268774195695498		
ENSG00000106278	-2.72659310230699	0.0269748229476158	PTPRZ1	protein tyrosine phosphatase receptor type Z1
ENSG00000143195	1.56626826452282	0.0273919798000649	ILDR2	immunoglobulin like domain containing receptor 2
ENSG00000273345	-2.84972880620084	0.0278818750867507		
ENSG00000160229	-3.32395379711565	0.0279139973517423	ZNF66	zinc finger protein 66
ENSG00000166780	1.11076863869527	0.0282653529417737		
ENSG00000226824	-1.51709241136988	0.0286196735134246		
ENSG00000172508	-2.44042371582427	0.0291225049713636	CARNS1	carnosine synthase 1
ENSG00000258653	-2.85929805157819	0.0292240218007394		
ENSG00000073737	1.21665914379989	0.0296080063362543	DHRS9	dehydrogenase/reductase 9
ENSG00000145246	1.15614020090993	0.029772807056451	ATP10D	ATPase phospholipid transporting 10D (putative)
ENSG00000197603	-1.15108767275356	0.0297788909141853	CPLANE1	ciliogenesis and planar polarity effector complex subunit 1
ENSG00000144481	-1.46341044829378	0.0303460327153731	TRPM8	transient receptor potential cation channel subfamily M member 8
ENSG00000196268	-1.43722555285168	0.0309978481388967	ZNF493	zinc finger protein 493
ENSG00000248668	-2.30783460825744	0.0313714918168713	OXCT1-AS1	OXCT1 antisense RNA 1
ENSG00000169282	-2.30171568624867	0.0314395590032501	KCNAB1	potassium voltage-gated channel subfamily A regulatory beta subunit 1
ENSG00000011201	1.7942520098626	0.0314550468323071	ANOS1	anosmin 1
ENSG00000232940	-2.78591570295361	0.0315686046134146		
ENSG00000077782	-3.4764274808821	0.0321310560417049	FGFR1	fibroblast growth factor receptor 1
ENSG00000245573	1.89373530532083	0.0323698673522313	BDNF-AS	BDNF antisense RNA
ENSG00000104324	1.9130990263266	0.0326604986226368	CPQ	carboxypeptidase Q
ENSG00000132530	1.44034047719141	0.0329846409653165	XAF1	XIAP associated factor 1
ENSG00000174099	1.25520413918883	0.0336342549057248	MSRB3	methionine sulfoxide reductase B3
ENSG00000186684	1.92084030692723	0.0345603578744457	CYP27C1	cytochrome P450 family 27 subfamily C member 1
ENSG00000089486	1.2125072905215	0.0347992629803933	CDIP1	cell death inducing p53 target 1
ENSG00000078018	1.17781163466719	0.0349814504758928	MAP2	microtubule associated protein 2
ENSG00000253348	2.02688198371485	0.0356220776176763		
ENSG00000234147	1.23281672247457	0.0356610954923992		
ENSG00000162383	1.20122284634202	0.0370447427891277	SLC1A7	solute carrier family 1 member 7
ENSG00000188167	-1.13582474010107	0.0376322889521135	TMPPE	transmembrane protein with metallophosphoesterase domain
ENSG00000211454	-1.72379830892817	0.0376429226735322	AKR7L	aldo-keto reductase family 7 like (gene/pseudogene)
ENSG00000163521	-1.14437583230263	0.038085048769954	GLB1L	galactosidase beta 1 like
ENSG00000179083	1.21680303308014	0.038551747070314	FAM133A	family with sequence similarity 133 member A
ENSG00000227258	1.12747141678742	0.038551747070314	SMIM2-AS1	SMIM2 antisense RNA 1
ENSG00000225968	-1.35995076990245	0.0387610892547208	ELFN1	extracellular leucine rich repeat and fibronectin type III domain containing 1
ENSG00000171451	1.4517153813709	0.040281603082998	DSEL	dermatan sulfate epimerase like
ENSG00000182771	2.23501286916634	0.0405828295042219	GRID1	glutamate ionotropic receptor delta type subunit 1
ENSG00000175048	-1.05334558542584	0.0411418656426547	ZDHHC14	zinc finger DHHC-type palmitoyltransferase 14
ENSG00000255152	-1.14390094562171	0.0411472794576826	MSH5-SAPCD1	MSH5-SAPCD1 readthrough (NMD candidate)
ENSG00000235590	1.27930040729067	0.0415300417251942	GNAS-AS1	GNAS antisense RNA 1
ENSG00000258388	-1.1652193017941	0.0415653399706603	PPT2-EGFL8	PPT2-EGFL8 readthrough (NMD candidate)
ENSG00000103355	-1.92939741366093	0.0415926615523988	PRSS33	serine protease 33
ENSG00000157152	1.32266842548858	0.0415926615523988	SYN2	synapsin II
ENSG00000170075	1.53508339091877	0.0422494202837557	GPR37L1	G protein-coupled receptor 37 like 1
ENSG00000197816	1.95661281618212	0.042723511453538	CCDC180	coiled-coil domain containing 180
ENSG00000250033	2.95653709611433	0.0439442819010885	SLC7A11-AS1	SLC7A11 antisense RNA 1
ENSG00000237440	-2.6621600880959	0.0439541807876382	ZNF737	zinc finger protein 737
ENSG00000170516	2.64980917665786	0.0442260165448355	COX7B2	cytochrome c oxidase subunit 7B2
ENSG00000151388	-2.46033660371742	0.0446039529870963		
ENSG00000135454	2.20783477726072	0.0448218047039074	B4GALNT1	beta-1,4-N-acetyl-galactosaminyltransferase 1
ENSG00000289588	-1.72466150500334	0.0448218047039074		
ENSG00000110651	-1.05704019931943	0.0451185937215351	CD81	CD81 molecule
ENSG00000237070	-2.28378706536524	0.0451456303845379		novel transcript, antisense to MEOX2
ENSG00000074047	1.73633681655232	0.0455818127904936	GLI2	GLI family zinc finger 2
ENSG00000151320	1.18279562603737	0.0465429082019489	AKAP6	A-kinase anchoring protein 6
ENSG00000164406	-2.29997708531951	0.047672757425213	LEAP2	liver enriched antimicrobial peptide 2
ENSG00000238120	1.17176276668646	0.0478050329106537	LINC01589	long intergenic non-protein coding RNA 1589
ENSG00000230084	1.63403273816288	0.0481931880726297	ZBTB47-AS1	ZBTB47 and NKTR antisense RNA 1
ENSG00000253408	-2.0450443246135	0.0488666235023293	IKBKB-DT	IKBKB divergent transcript
ENSG00000188282	2.05874419330908	0.0489081492436022	RUFY4	RUN and FYVE domain containing 4
ENSG00000196628	-1.43455154416987	0.0494662886387498	TCF4	transcription factor 4
ENSG00000214279	-1.99238581079644	0.0499480118499934	SCART1	scavenger receptor family member expressed on T cells 1
